
/*USUARIOS*/
INSERT INTO APP_USER
    (ID, ADMIN, NAME, PASSWORD, SURNAME, USER_EMAIL, VALIDATED, SCHOOL_ID)
VALUES
    (100, TRUE, 'ADMIN', '$2a$10$FPOPMxhJOxlqx4mGEmR8HOeCjAs3JwbRKhN2ypYwZMq4Ue1pNY4Vi', 'ADMIN', 'admin@admin.com', TRUE, NULL);

INSERT INTO APP_USER
    (ID, ADMIN, NAME, PASSWORD, SURNAME, USER_EMAIL, VALIDATED, SCHOOL_ID)
VALUES
    (101, TRUE, 'Jose Manuel', '$2a$10$FPOPMxhJOxlqx4mGEmR8HOeCjAs3JwbRKhN2ypYwZMq4Ue1pNY4Vi', 'Bargueño', 'bargueno@gmail.com', TRUE, NULL);
INSERT INTO APP_USER
    (ID, ADMIN, NAME, PASSWORD, SURNAME, USER_EMAIL, VALIDATED, SCHOOL_ID)
VALUES
    (102, TRUE, 'Jose Maria', '$2a$10$FPOPMxhJOxlqx4mGEmR8HOeCjAs3JwbRKhN2ypYwZMq4Ue1pNY4Vi', 'Ruiz', 'ruiz@gmail.com', TRUE, NULL);

INSERT INTO APP_USER
    (ID, ADMIN, NAME, PASSWORD, SURNAME, USER_EMAIL, VALIDATED, SCHOOL_ID)
VALUES
    (103, TRUE, 'Daniel', '$2a$10$FPOPMxhJOxlqx4mGEmR8HOeCjAs3JwbRKhN2ypYwZMq4Ue1pNY4Vi', 'Troncoso', 'troncoso@gmail.com', TRUE, NULL);
INSERT INTO APP_USER
    (ID, ADMIN, NAME, PASSWORD, SURNAME, USER_EMAIL, VALIDATED, SCHOOL_ID)
VALUES
    (104, TRUE, 'Jesús', '$2a$10$FPOPMxhJOxlqx4mGEmR8HOeCjAs3JwbRKhN2ypYwZMq4Ue1pNY4Vi', 'Ceacero', 'ceacero@gmail.com', TRUE, NULL);
INSERT INTO APP_USER
    (ID, ADMIN, NAME, PASSWORD, SURNAME, USER_EMAIL, VALIDATED, SCHOOL_ID)
VALUES
    (105, FALSE, 'Pedro', '$2a$10$FPOPMxhJOxlqx4mGEmR8HOeCjAs3JwbRKhN2ypYwZMq4Ue1pNY4Vi', 'HERRERA', 'HERRERA@GMAIL.COM', TRUE, NULL);
INSERT INTO APP_USER
    (ID, ADMIN, NAME, PASSWORD, SURNAME, USER_EMAIL, VALIDATED, SCHOOL_ID)
VALUES
    (106, FALSE, 'User', '$2a$10$FPOPMxhJOxlqx4mGEmR8HOeCjAs3JwbRKhN2ypYwZMq4Ue1pNY4Vi', 'user', 'user@user.com', TRUE, NULL);
INSERT INTO APP_USER
    (ID, ADMIN, NAME, PASSWORD, SURNAME, USER_EMAIL, VALIDATED, SCHOOL_ID)
VALUES
    (107, TRUE, 'Don Juan', '$2a$10$FPOPMxhJOxlqx4mGEmR8HOeCjAs3JwbRKhN2ypYwZMq4Ue1pNY4Vi', 'Bosco', '123@123.com', TRUE, NULL);
INSERT INTO APP_USER
    (ID, ADMIN, NAME, PASSWORD, SURNAME, USER_EMAIL, VALIDATED, SCHOOL_ID)
VALUES
    (108, FALSE, 'Pitón', '$2a$10$FPOPMxhJOxlqx4mGEmR8HOeCjAs3JwbRKhN2ypYwZMq4Ue1pNY4Vi', 'Jumbotron', '321@321.com', TRUE, NULL);

/*SCHOOL*/
INSERT INTO SCHOOL
    (ID, ADDRESS, NAME, SCHOOL_CODE)
VALUES
    (1, 'CONDE DE BUSTILLOS', 'SALESIANOS TRIANA', '0001-SALTRI');
/*
INSERT INTO SCHOOL
    (ID, ADDRESS, NAME, SCHOOL_CODE)
VALUES
    (2, 'GOLONDRINAS', 'PEDRO GARFIAS', '0002-PEDROGAR');
    */


/*TIME_ZONE*/
INSERT INTO TIME_ZONE
    (ID, NAME, TIME)
VALUES(1, '08:00', '08:00:00');

INSERT INTO TIME_ZONE
    (ID, NAME, TIME)
VALUES(2, '09:00', '09:00:00');

INSERT INTO TIME_ZONE
    (ID, NAME, TIME)
VALUES(3, '10:00', '10:00:00');

INSERT INTO TIME_ZONE
    (ID, NAME, TIME)
VALUES(4, '11:30', '11:30:00');

INSERT INTO TIME_ZONE
    (ID, NAME, TIME)
VALUES(5, '12:30', '12:30:00');

INSERT INTO TIME_ZONE
    (ID, NAME, TIME)
VALUES(6, '13:30', '13:30:00');

/*ROOM CATEGORY*/

INSERT INTO ROOM_CATEGORY
    (ID, CATEGORY_NAME)
VALUES(1000, 'INFORMÁTICA');

INSERT INTO ROOM_CATEGORY
    (ID, CATEGORY_NAME)
VALUES(1001, 'LABORATORIO');

INSERT INTO ROOM_CATEGORY
    (ID, CATEGORY_NAME)
VALUES(1002, 'TALLER');

INSERT INTO ROOM_CATEGORY
    (ID, CATEGORY_NAME)
VALUES(1003, 'DEPORTIVA');

/*ROOM*/
INSERT INTO ROOM
    (ID, NAME, SCHOOL_ID, ROOM_CATEGORY_ID)
VALUES(1, 'AULA-01', 1, 1000);

INSERT INTO ROOM
    (ID, NAME, SCHOOL_ID, ROOM_CATEGORY_ID)
VALUES(2, 'PISTA FÚTBOL', 1, 1003);

INSERT INTO ROOM
    (ID, NAME, SCHOOL_ID, ROOM_CATEGORY_ID)
VALUES(3, 'PISTA BALONMANO', 1, 1003);

INSERT INTO ROOM
    (ID, NAME, SCHOOL_ID, ROOM_CATEGORY_ID)
VALUES(4, 'PISTA BALONCESTO', 1, 1003);

INSERT INTO ROOM
    (ID, NAME, SCHOOL_ID, ROOM_CATEGORY_ID)
VALUES(5, 'ELECTRÓNICA-01', 1, 1002);

INSERT INTO ROOM
    (ID, NAME, SCHOOL_ID, ROOM_CATEGORY_ID)
VALUES(6, 'LABORATORIO-BIO-01', 1, 1002);

INSERT INTO ROOM
    (ID, NAME, SCHOOL_ID, ROOM_CATEGORY_ID)
VALUES(7, 'LABORATORIO-QUIM-01', 1, 1002);

/*RESERVED_DATE*/
INSERT INTO RESERVED_DATE
    (ID, DATE)
VALUES
    (1, TO_DATE('12/10/2019', 'DD/MM/YYYY'));
INSERT INTO RESERVED_DATE
    (ID, DATE)
VALUES
    (2, TO_DATE('01/11/2019', 'DD/MM/YYYY'));
INSERT INTO RESERVED_DATE
    (ID, DATE)
VALUES
    (3, TO_DATE('06/12/2019', 'DD/MM/YYYY'));
INSERT INTO RESERVED_DATE
    (ID, DATE)
VALUES
    (4, TO_DATE('09/12/2019', 'DD/MM/YYYY'));
INSERT INTO RESERVED_DATE
    (ID, DATE)
VALUES
    (5, TO_DATE('25/12/2019', 'DD/MM/YYYY'));
INSERT INTO RESERVED_DATE
    (ID, DATE)
VALUES
    (6, TO_DATE('04/10/2019', 'DD/MM/YYYY'));


/*RESERVECHECKER*/
INSERT INTO RESERVE_CHECKER
    (ID, WEEKEND_ON)
VALUES(1, FALSE);

/*RESERVE*/
INSERT INTO RESERVE
    (ID, DATE, RESERVE_USER_ID, RESERVED_ROOM_ID, SCHOOL_ID, TIME_ZONE_ID)
VALUES(1, TO_DATE('03/10/2019', 'DD/MM/YYYY'), 107, 1, NULL, 3);
INSERT INTO RESERVE
    (ID, DATE, RESERVE_USER_ID, RESERVED_ROOM_ID, SCHOOL_ID, TIME_ZONE_ID)
VALUES(2, TO_DATE('02/10/2019', 'DD/MM/YYYY'), 107, 2, NULL, 4);
INSERT INTO RESERVE
    (ID, DATE, RESERVE_USER_ID, RESERVED_ROOM_ID, SCHOOL_ID, TIME_ZONE_ID)
VALUES(3, TO_DATE('02/10/2019', 'DD/MM/YYYY'), 107, 2, NULL, 5);
INSERT INTO RESERVE
    (ID, DATE, RESERVE_USER_ID, RESERVED_ROOM_ID, SCHOOL_ID, TIME_ZONE_ID)
VALUES(4, TO_DATE('02/10/2019', 'DD/MM/YYYY'), 107, 2, NULL, 6);
INSERT INTO RESERVE
    (ID, DATE, RESERVE_USER_ID, RESERVED_ROOM_ID, SCHOOL_ID, TIME_ZONE_ID)
VALUES(5, TO_DATE('01/10/2019', 'DD/MM/YYYY'), 107, 3, NULL, 5);
INSERT INTO RESERVE
    (ID, DATE, RESERVE_USER_ID, RESERVED_ROOM_ID, SCHOOL_ID, TIME_ZONE_ID)
VALUES(6, TO_DATE('27/09/2019', 'DD/MM/YYYY'), 107, 3, NULL, 1);
INSERT INTO RESERVE
    (ID, DATE, RESERVE_USER_ID, RESERVED_ROOM_ID, SCHOOL_ID, TIME_ZONE_ID)
VALUES(7, TO_DATE('27/09/2019', 'DD/MM/YYYY'), 107, 3, NULL, 2);
INSERT INTO RESERVE
    (ID, DATE, RESERVE_USER_ID, RESERVED_ROOM_ID, SCHOOL_ID, TIME_ZONE_ID)
VALUES(8, TO_DATE('27/09/2019', 'DD/MM/YYYY'), 107, 3, NULL, 3);
INSERT INTO RESERVE
    (ID, DATE, RESERVE_USER_ID, RESERVED_ROOM_ID, SCHOOL_ID, TIME_ZONE_ID)
VALUES(9, TO_DATE('27/09/2019', 'DD/MM/YYYY'), 107, 4, NULL, 3);
